De,Ten_De,Phan,Ten_Phan,ID_Youtube,Trang_Thai,Mo_Ta
01,KSCT Hà Nội - L1,1,Phần 1,ITQ1eSigvyw,Hien,Mục tiêu là không sai ngu là 7 điểm nhá!
01,KSCT Hà Nội - L1,2,Phần 2,MQXkUlzdL5Y,Hien,Mục tiêu là không sai ngu là 7 điểm nhá!
02,,,,,An,
03,Cấp Tốc - Đề 03,1,Phần 1,MwCW3xbL5L8,Hien,
03,Cấp Tốc - Đề 03,2,Phần 2,dVwkLZcw6uk,Hien,
04,,,,,An,
05,Cấp Tốc - Đề 05,1,Phần 1,ucC08e1FeW8,Hien,
05,Cấp Tốc - Đề 05,2,Phần 2,YCnQqSzn2QY,Hien,
06,,,,,An,
07,Cấp Tốc - Đề 07,1,Phần 1,u73GoIl-FX8,Hien,
08,,,,,An,
09,,,,,An,
10,,,,,An,
11,,,,,An,
12,,,,,An,
13,,,,,An,
14,,,,,An,
15,,,,,An,
